expected_calibration_error,multiclass_brier_score,mean_confidence,observed_accuracy,confidence_bias,test_rows
0.011697156413791565,0.8020901369141125,0.3291002135661726,0.3407914020517831,-0.011691188485610515,102350
